Introduction,intro
Installation,installation
Using MMEdit,using
Device differences,dev_dif
Using MMEdit with TeraTerm,teraterm
Templates,templates
New Connection,new_con
Main menus,mainmenu
File,main_file
Edit,main_edit
Connect,main_connect
Macro,main_macro
Program,main_program
Advanced,main_advanced
Font,main_font
View,main_view
Bookmarks,main_bookmarks
Help,main_help
Syntax,main_syntax
ToolBar,main_toolbar
Chat Window,chat_intro
Chat Menu,Chat Menu
File,chat_file
Options Macro,chat_options
Macro,chat_macro
File Manager,file_manager
Preferences,preferences
INF files,inf_files
Keyboard shortcuts,kboard_scut
ASCII codes,ASCIIcodes
MMBasic extended codes,special_keys
Change log,change_log
Acknowledgments,acknowledgments
